{
  "controller/App-dbg.controller.js": 1709788754598,
  "Component.js": 1709788754590,
  "model/models.js": 1709788754598,
  "controller/View1.controller.js": 1709788754606,
  "controller/App.controller.js": 1709788754598,
  "manifest.json": 1709792040738,
  "Component-preload.js": 1709792041033,
  "model/models-dbg.js": 1709788754598,
  "controller/View1-dbg.controller.js": 1709788754606,
  "i18n/i18n.properties": 1709788781030,
  "Component-dbg.js": 1709788754590,
  "view/View1.view.xml": 1709790261429,
  "view/App.view.xml": 1709788754602,
  "css/style.css": 1709788754602,
  "index.html": 1709788754590
}